<application>
  <component name="CodeFoldingSettings">
    <option name="COLLAPSE_IMPORTS" value="false" />
    <option name="COLLAPSE_FILE_HEADER" value="false" />
  </component>
  <component name="CodeInsightSettings">
    <option name="AUTO_POPUP_COMPLETION_LOOKUP" value="false" />
    <option name="AUTOCOMPLETE_ON_SMART_TYPE_COMPLETION" value="false" />
    <option name="INSERT_BRACE_ON_ENTER" value="false" />
    <option name="SURROUND_SELECTION_ON_QUOTE_TYPED" value="false" />
    <option name="AUTOINSERT_PAIR_BRACKET" value="false" />
    <option name="AUTOINSERT_PAIR_QUOTE" value="false" />
    <option name="REFORMAT_BLOCK_ON_RBRACE" value="false" />
    <option name="USE_INSTANCEOF_ON_EQUALS_PARAMETER" value="true" />
    <option name="HIGHLIGHT_IDENTIFIER_UNDER_CARET" value="false" />
    <option name="ADD_UNAMBIGIOUS_IMPORTS_ON_THE_FLY" value="true" />
    <EXCLUDED_PACKAGE NAME="" />
    <EXCLUDED_PACKAGE NAME="com.google.apps.framework.request.Before" />
    <EXCLUDED_PACKAGE NAME="com.google.area120.lab120.honeycomb.services.frames.Service" />
    <EXCLUDED_PACKAGE NAME="com.google.bigtable.Transaction" />
    <EXCLUDED_PACKAGE NAME="com.google.cloud.api.filter.Function" />
    <EXCLUDED_PACKAGE NAME="com.google.common.base.Function" />
    <EXCLUDED_PACKAGE NAME="com.google.common.base.Optional" />
    <EXCLUDED_PACKAGE NAME="com.google.common.collect.Table" />
    <EXCLUDED_PACKAGE NAME="com.google.common.flogger.backend.FormatType" />
    <EXCLUDED_PACKAGE NAME="com.google.inject.Inject" />
    <EXCLUDED_PACKAGE NAME="com.google.inject.Provider" />
    <EXCLUDED_PACKAGE NAME="com.google.inject.Provider" />
    <EXCLUDED_PACKAGE NAME="com.google.inject.Singleton" />
    <EXCLUDED_PACKAGE NAME="com.google.internal.vr.assets.v1.AssetImportElement" />
    <EXCLUDED_PACKAGE NAME="com.google.protos.tech.spanner.GenerateDbPartitionsRequest.Table" />
    <EXCLUDED_PACKAGE NAME="com.google.protos.tech.spanner.SplitPoint.Row" />
    <EXCLUDED_PACKAGE NAME="com.ibm" />
    <EXCLUDED_PACKAGE NAME="com.sun" />
    <EXCLUDED_PACKAGE NAME="dagger.Provides" />
    <EXCLUDED_PACKAGE NAME="dagger.internal" />
    <EXCLUDED_PACKAGE NAME="javax.annotation.concurrent.Immutable" />
    <EXCLUDED_PACKAGE NAME="javax.annotation.concurrent.ThreadSafe" />
    <EXCLUDED_PACKAGE NAME="javax.xml.ws" />
    <EXCLUDED_PACKAGE NAME="jdk.nashorn" />
    <EXCLUDED_PACKAGE NAME="jdk.nashorn.internal.ir.annotations.Immutable" />
    <EXCLUDED_PACKAGE NAME="junitparams.converters" />
    <EXCLUDED_PACKAGE NAME="okio.ByteString" />
    <EXCLUDED_PACKAGE NAME="org.checkerframework.checker.signature.qual.FieldDescriptor" />
    <EXCLUDED_PACKAGE NAME="org.junit.runner.notification.RunListener.ThreadSafe" />
    <EXCLUDED_PACKAGE NAME="org.mockito.MockitoAnnotations.Mock" />
    <EXCLUDED_PACKAGE NAME="org.mockito.internal" />
    <EXCLUDED_PACKAGE NAME="org.omg.CORBA" />
    <EXCLUDED_PACKAGE NAME="org.omg.CORBA_2_3" />
  </component>
  <component name="EditorSettings">
    <option name="IS_ANIMATED_SCROLLING" value="false" />
  </component>
  <component name="InlayHintsSettings">
    <option name="disabledHintProviderIds">
      <set>
        <option value="JAVA.chain.hints" />
      </set>
    </option>
    <option name="enabled" value="false" />
    <option name="lastViewedProviderKeyId" value="parameter.hints.old" />
  </component>
  <component name="JSEditorOptions">
    <option name="ESCAPE_PASTED_TEXT" value="false" />
    <option name="CONVERT_HTML_TO_JSX" value="false" />
  </component>
  <component name="JavaCodeFoldingSettings">
    <option name="collapseConstructorGenericParameters" value="false" />
    <option name="collapseI18nMessages" value="false" />
    <option name="collapseLambdas" value="false" />
    <option name="collapseOneLineMethods" value="false" />
    <option name="collapseSuppressWarnings" value="false" />
  </component>
  <component name="JsonEditorOptions">
    <option name="COMMA_ON_ENTER" value="false" />
    <option name="COMMA_ON_MATCHING_BRACES" value="false" />
    <option name="COMMA_ON_PASTE" value="false" />
    <option name="AUTO_QUOTE_PROP_NAME" value="false" />
    <option name="AUTO_WHITESPACE_AFTER_COLON" value="false" />
    <option name="ESCAPE_PASTED_TEXT" value="false" />
  </component>
  <component name="XmlFoldingSettings">
    <option name="COLLAPSE_HTML_STYLE_ATTRIBUTE" value="false" />
    <option name="COLLAPSE_ENTITIES" value="false" />
    <option name="COLLAPSE_DATA_URI" value="false" />
  </component>
  <component name="YamlEditorOptions">
    <option name="useSmartPaste" value="false" />
  </component>
</application>