<application>
  <component name="FileTypeManager" version="18">
    <ignoreFiles list="*.orig;*.pyc;*.pyo;*.rbc;*.yarb;.DS_Store;.git;.hg;.pipertmp-*;.svn;CVS;__pycache__;_svn;vssver.scc;vssver2.scc" />
    <extensionMap>
      <mapping pattern="*.ng.html" type="Angular2Html" />
      <mapping ext="gltf" type="JSON" />
      <mapping ext="soy" type="PLAIN_TEXT" />
      <mapping ext="itcnf" type="PLAIN_TEXT" />
      <mapping pattern="tsconfig_editor.json" type="tsconfig" />
      <mapping ext="pi" type="Python" />
    </extensionMap>
  </component>
</application>