<application>
  <component name="FindSettings">
    <option name="customScope" value="Solution" />
    <option name="defaultScopeName" value="Solution" />
    <option name="regularExpressions" value="true" />
    <option name="REGULAR_EXPRESSIONS" value="true" />
    <option name="SEARCH_SCOPE" value="Solution" />
    <mask>*.css</mask>
    <mask>*.xml</mask>
    <mask>*.jsp</mask>
    <mask>*.properties</mask>
    <mask>*.java</mask>
    <mask>*.html</mask>
    <mask>*.ts</mask>
    <mask>*.cs</mask>
    <mask>*.proto</mask>
  </component>
</application>