<application>
  <component name="ProjectJdkTable">
    <jdk version="2">
      <name value="1.8" />
      <type value="JavaSDK" />
      <version value="java version &quot;1.8.0_112-google-v7&quot;" />
      <homePath value="/usr/local/buildtools/java/jdk8" />
      <roots>
        <classPath>
          <root type="composite">
            <root url="jar:///usr/local/buildtools/java/jdk8/jre/lib/charsets.jar!/" type="simple" />
            <root url="jar:///usr/local/buildtools/java/jdk8/jre/lib/ext/cldrdata.jar!/" type="simple" />
            <root url="jar:///usr/local/buildtools/java/jdk8/jre/lib/ext/dnsns.jar!/" type="simple" />
            <root url="jar:///usr/local/buildtools/java/jdk8/jre/lib/ext/jaccess.jar!/" type="simple" />
            <root url="jar:///usr/local/buildtools/java/jdk8/jre/lib/ext/localedata.jar!/" type="simple" />
            <root url="jar:///usr/local/buildtools/java/jdk8/jre/lib/ext/nashorn.jar!/" type="simple" />
            <root url="jar:///usr/local/buildtools/java/jdk8/jre/lib/ext/sunec.jar!/" type="simple" />
            <root url="jar:///usr/local/buildtools/java/jdk8/jre/lib/ext/sunjce_provider.jar!/" type="simple" />
            <root url="jar:///usr/local/buildtools/java/jdk8/jre/lib/ext/sunpkcs11.jar!/" type="simple" />
            <root url="jar:///usr/local/buildtools/java/jdk8/jre/lib/ext/zipfs.jar!/" type="simple" />
            <root url="jar:///usr/local/buildtools/java/jdk8/jre/lib/jce.jar!/" type="simple" />
            <root url="jar:///usr/local/buildtools/java/jdk8/jre/lib/jsse.jar!/" type="simple" />
            <root url="jar:///usr/local/buildtools/java/jdk8/jre/lib/management-agent.jar!/" type="simple" />
            <root url="jar:///usr/local/buildtools/java/jdk8/jre/lib/resources.jar!/" type="simple" />
            <root url="jar:///usr/local/buildtools/java/jdk8/jre/lib/rt.jar!/" type="simple" />
          </root>
        </classPath>
        <sourcePath>
          <root type="composite">
            <root url="jar:///usr/local/buildtools/java/jdk8/src.zip!/" type="simple" />
          </root>
        </sourcePath>
      </roots>
      <additional />
    </jdk>
    <jdk version="2">
      <name value="Python 2.7" />
      <type value="Python SDK" />
      <version value="Python 2.7.16" />
      <homePath value="/usr/bin/python2.7" />
      <roots>
        <classPath>
          <root type="composite">
            <root url="file:///usr/local/buildtools/current/sitecustomize" type="simple" />
            <root url="file:///usr/lib/python2.7" type="simple" />
            <root url="file:///usr/lib/python2.7/plat-x86_64-linux-gnu" type="simple" />
            <root url="file:///usr/lib/python2.7/lib-tk" type="simple" />
            <root url="file:///usr/lib/python2.7/lib-dynload" type="simple" />
            <root url="file:///usr/local/lib/python2.7/dist-packages" type="simple" />
            <root url="file:///usr/lib/python2.7/dist-packages" type="simple" />
            <root url="file:///usr/lib/python2.7/dist-packages/gtk-2.0" type="simple" />
            <root url="file://$USER_HOME$/.IdeaIC2018.3/system/python_stubs/-1247972723" type="simple" />
            <root url="file://$APPLICATION_HOME_DIR$/plugins/python-ce/helpers/python-skeletons" type="simple" />
            <root url="file://$APPLICATION_HOME_DIR$/plugins/python-ce/helpers/typeshed/stdlib/2" type="simple" />
            <root url="file://$APPLICATION_HOME_DIR$/plugins/python-ce/helpers/typeshed/stdlib/2and3" type="simple" />
            <root url="file://$APPLICATION_HOME_DIR$/plugins/python-ce/helpers/typeshed/third_party/2" type="simple" />
            <root url="file://$APPLICATION_HOME_DIR$/plugins/python-ce/helpers/typeshed/third_party/2and3" type="simple" />
          </root>
        </classPath>
        <sourcePath>
          <root type="composite" />
        </sourcePath>
      </roots>
      <additional />
    </jdk>
    <jdk version="2">
      <name value="IntelliJ IDEA Community Edition IC-173.4548.28" />
      <type value="IDEA JDK" />
      <version value="java version &quot;1.8.0_112-google-v7&quot;" />
      <homePath value="$APPLICATION_HOME_DIR$" />
      <roots>
        <classPath>
          <root type="composite">
            <root url="jar://$APPLICATION_HOME_DIR$/lib/jsch.agentproxy.connector-factory.jar!/" type="simple" />
            <root url="jar://$APPLICATION_HOME_DIR$/lib/imgscalr-lib-4.2.jar!/" type="simple" />
            <root url="jar://$APPLICATION_HOME_DIR$/lib/jsch.agentproxy.sshagent.jar!/" type="simple" />
            <root url="jar://$APPLICATION_HOME_DIR$/lib/junit-4.12.jar!/" type="simple" />
            <root url="jar://$APPLICATION_HOME_DIR$/lib/jsch.agentproxy.usocket-nc.jar!/" type="simple" />
            <root url="jar://$APPLICATION_HOME_DIR$/lib/idea.jar!/" type="simple" />
            <root url="jar://$APPLICATION_HOME_DIR$/lib/javac2.jar!/" type="simple" />
            <root url="jar://$APPLICATION_HOME_DIR$/lib/jsch.agentproxy.usocket-jna.jar!/" type="simple" />
            <root url="jar://$APPLICATION_HOME_DIR$/lib/jna-platform.jar!/" type="simple" />
            <root url="jar://$APPLICATION_HOME_DIR$/lib/jshell-protocol.jar!/" type="simple" />
            <root url="jar://$APPLICATION_HOME_DIR$/lib/jps-builders.jar!/" type="simple" />
            <root url="jar://$APPLICATION_HOME_DIR$/lib/jsch.agentproxy.pageant.jar!/" type="simple" />
            <root url="jar://$APPLICATION_HOME_DIR$/lib/jsch.agentproxy.core.jar!/" type="simple" />
            <root url="jar://$APPLICATION_HOME_DIR$/lib/asm-5.0.3.jar!/" type="simple" />
            <root url="jar://$APPLICATION_HOME_DIR$/lib/external-system-rt.jar!/" type="simple" />
            <root url="jar://$APPLICATION_HOME_DIR$/lib/jdkAnnotations.jar!/" type="simple" />
            <root url="jar://$APPLICATION_HOME_DIR$/lib/bootstrap.jar!/" type="simple" />
            <root url="jar://$APPLICATION_HOME_DIR$/lib/nanoxml-2.2.3.jar!/" type="simple" />
            <root url="jar://$APPLICATION_HOME_DIR$/lib/aether-dependency-resolver.jar!/" type="simple" />
            <root url="jar://$APPLICATION_HOME_DIR$/lib/asm-analysis-5.0.3.jar!/" type="simple" />
            <root url="jar://$APPLICATION_HOME_DIR$/lib/serviceMessages.jar!/" type="simple" />
            <root url="jar://$APPLICATION_HOME_DIR$/lib/annotations.jar!/" type="simple" />
            <root url="jar://$APPLICATION_HOME_DIR$/lib/commons-httpclient-3.1-patched.jar!/" type="simple" />
            <root url="jar://$APPLICATION_HOME_DIR$/lib/forms_rt.jar!/" type="simple" />
            <root url="jar://$APPLICATION_HOME_DIR$/lib/trove4j.jar!/" type="simple" />
            <root url="jar://$APPLICATION_HOME_DIR$/lib/jshell-frontend.jar!/" type="simple" />
            <root url="jar://$APPLICATION_HOME_DIR$/lib/jsch.agentproxy.jsch.jar!/" type="simple" />
            <root url="jar://$APPLICATION_HOME_DIR$/lib/openapi.jar!/" type="simple" />
            <root url="jar://$APPLICATION_HOME_DIR$/lib/microba.jar!/" type="simple" />
            <root url="jar://$APPLICATION_HOME_DIR$/lib/util.jar!/" type="simple" />
            <root url="jar://$APPLICATION_HOME_DIR$/lib/idea_rt.jar!/" type="simple" />
            <root url="jar://$APPLICATION_HOME_DIR$/lib/jna.jar!/" type="simple" />
            <root url="jar://$APPLICATION_HOME_DIR$/lib/asm-tree-5.0.3.jar!/" type="simple" />
            <root url="jar://$APPLICATION_HOME_DIR$/lib/rngom-20051226-patched.jar!/" type="simple" />
            <root url="jar://$APPLICATION_HOME_DIR$/lib/jps-model.jar!/" type="simple" />
            <root url="jar://$APPLICATION_HOME_DIR$/lib/jdom.jar!/" type="simple" />
            <root url="jar://$APPLICATION_HOME_DIR$/lib/log4j.jar!/" type="simple" />
            <root url="jar://$APPLICATION_HOME_DIR$/lib/markdownj-core-0.4.2-SNAPSHOT.jar!/" type="simple" />
            <root url="jar://$APPLICATION_HOME_DIR$/lib/extensions.jar!/" type="simple" />
            <root url="jar://$APPLICATION_HOME_DIR$/lib/hamcrest-core-1.3.jar!/" type="simple" />
            <root url="jar://$APPLICATION_HOME_DIR$/lib/resources_en.jar!/" type="simple" />
            <root url="jar://$APPLICATION_HOME_DIR$/lib/wadl-core.jar!/" type="simple" />
            <root url="jar://$APPLICATION_HOME_DIR$/lib/resources.jar!/" type="simple" />
            <root url="jar://$APPLICATION_HOME_DIR$/lib/icons.jar!/" type="simple" />
            <root url="jar://$APPLICATION_HOME_DIR$/lib/cglib-nodep-3.2.4.jar!/" type="simple" />
            <root url="jar://$APPLICATION_HOME_DIR$/lib/jps-builders-6.jar!/" type="simple" />
            <root url="jar://$APPLICATION_HOME_DIR$/lib/jps-launcher.jar!/" type="simple" />
            <root url="jar://$APPLICATION_HOME_DIR$/lib/trang-core.jar!/" type="simple" />
            <root url="jar://$APPLICATION_HOME_DIR$/lib/commons-logging-1.2.jar!/" type="simple" />
            <root url="jar:///usr/local/buildtools/java/jdk8/jre/lib/charsets.jar!/" type="simple" />
            <root url="jar:///usr/local/buildtools/java/jdk8/jre/lib/ext/cldrdata.jar!/" type="simple" />
            <root url="jar:///usr/local/buildtools/java/jdk8/jre/lib/ext/dnsns.jar!/" type="simple" />
            <root url="jar:///usr/local/buildtools/java/jdk8/jre/lib/ext/jaccess.jar!/" type="simple" />
            <root url="jar:///usr/local/buildtools/java/jdk8/jre/lib/ext/localedata.jar!/" type="simple" />
            <root url="jar:///usr/local/buildtools/java/jdk8/jre/lib/ext/nashorn.jar!/" type="simple" />
            <root url="jar:///usr/local/buildtools/java/jdk8/jre/lib/ext/sunec.jar!/" type="simple" />
            <root url="jar:///usr/local/buildtools/java/jdk8/jre/lib/ext/sunjce_provider.jar!/" type="simple" />
            <root url="jar:///usr/local/buildtools/java/jdk8/jre/lib/ext/sunpkcs11.jar!/" type="simple" />
            <root url="jar:///usr/local/buildtools/java/jdk8/jre/lib/ext/zipfs.jar!/" type="simple" />
            <root url="jar:///usr/local/buildtools/java/jdk8/jre/lib/jce.jar!/" type="simple" />
            <root url="jar:///usr/local/buildtools/java/jdk8/jre/lib/jsse.jar!/" type="simple" />
            <root url="jar:///usr/local/buildtools/java/jdk8/jre/lib/management-agent.jar!/" type="simple" />
            <root url="jar:///usr/local/buildtools/java/jdk8/jre/lib/resources.jar!/" type="simple" />
            <root url="jar:///usr/local/buildtools/java/jdk8/jre/lib/rt.jar!/" type="simple" />
          </root>
        </classPath>
        <sourcePath>
          <root type="composite">
            <root url="jar:///usr/local/buildtools/java/jdk8/src.zip!/" type="simple" />
          </root>
        </sourcePath>
      </roots>
      <additional sdk="1.8">
        <option name="mySandboxHome" value="$USER_HOME$/.IdeaIC2017.3/system/plugins-sandbox" />
      </additional>
    </jdk>
    <jdk version="2">
      <name value="GRTE-Python 2.7" />
      <type value="Python SDK" />
      <version value="Python 2.7.6" />
      <homePath value="$APPLICATION_HOME_DIR$/plugins/python-ce/helpers/grte-python" />
      <roots>
        <classPath>
          <root type="composite">
            <root url="file:///usr/local/buildtools/current/sitecustomize" type="simple" />
            <root url="file:///usr/grte/v4/k8-linux/lib/python2.7" type="simple" />
            <root url="file:///usr/grte/v4/k8-linux/lib/python2.7/plat-linux2" type="simple" />
            <root url="file:///usr/grte/v4/k8-linux/lib/python2.7/lib-dynload" type="simple" />
            <root url="file:///usr/grte/v4/k8-linux/lib/python2.7/site-packages" type="simple" />
            <root url="file://$USER_HOME$/.IdeaIC2017.3/system/python_stubs/-1379292494" type="simple" />
            <root url="file://$APPLICATION_HOME_DIR$/plugins/python-ce/helpers/python-skeletons" type="simple" />
            <root url="file://$APPLICATION_HOME_DIR$/plugins/python-ce/helpers/typeshed/stdlib/2" type="simple" />
            <root url="file://$APPLICATION_HOME_DIR$/plugins/python-ce/helpers/typeshed/stdlib/2and3" type="simple" />
            <root url="file://$APPLICATION_HOME_DIR$/plugins/python-ce/helpers/typeshed/third_party/2" type="simple" />
            <root url="file://$APPLICATION_HOME_DIR$/plugins/python-ce/helpers/typeshed/third_party/2and3" type="simple" />
          </root>
        </classPath>
        <sourcePath>
          <root type="composite" />
        </sourcePath>
      </roots>
      <additional />
    </jdk>
    <jdk version="2">
      <name value="GRTE-Python 2.7 (2)" />
      <type value="Python SDK" />
      <version value="Python 2.7.6" />
      <homePath value="$APPLICATION_HOME_DIR$/plugins/ijwb-blaze/python/grte-python" />
      <roots>
        <classPath>
          <root type="composite">
            <root url="file:///usr/local/buildtools/current/sitecustomize" type="simple" />
            <root url="file:///usr/grte/v4/k8-linux/lib/python2.7" type="simple" />
            <root url="file:///usr/grte/v4/k8-linux/lib/python2.7/plat-linux2" type="simple" />
            <root url="file:///usr/grte/v4/k8-linux/lib/python2.7/lib-dynload" type="simple" />
            <root url="file:///usr/grte/v4/k8-linux/lib/python2.7/site-packages" type="simple" />
            <root url="file://$USER_HOME$/.IdeaIC2019.1/system/python_stubs/-747821421" type="simple" />
            <root url="file://$APPLICATION_HOME_DIR$/plugins/python-ce/helpers/python-skeletons" type="simple" />
            <root url="file://$APPLICATION_HOME_DIR$/plugins/python-ce/helpers/typeshed/stdlib/2" type="simple" />
            <root url="file://$APPLICATION_HOME_DIR$/plugins/python-ce/helpers/typeshed/stdlib/2and3" type="simple" />
            <root url="file://$APPLICATION_HOME_DIR$/plugins/python-ce/helpers/typeshed/third_party/2" type="simple" />
            <root url="file://$APPLICATION_HOME_DIR$/plugins/python-ce/helpers/typeshed/third_party/2and3" type="simple" />
          </root>
        </classPath>
        <sourcePath>
          <root type="composite" />
        </sourcePath>
      </roots>
      <additional />
    </jdk>
    <jdk version="2">
      <name value="1.8.0_222 (2)" />
      <type value="JavaSDK" />
      <version value="java version &quot;1.8.0_222&quot;" />
      <homePath value="/usr/lib/jvm/java-1.8.0-openjdk-amd64" />
      <roots>
        <classPath>
          <root type="composite">
            <root url="jar:///usr/lib/jvm/java-1.8.0-openjdk-amd64/jre/lib/charsets.jar!/" type="simple" />
            <root url="jar:///usr/lib/jvm/java-1.8.0-openjdk-amd64/jre/lib/ext/cldrdata.jar!/" type="simple" />
            <root url="jar:///usr/lib/jvm/java-1.8.0-openjdk-amd64/jre/lib/ext/dnsns.jar!/" type="simple" />
            <root url="jar:///usr/lib/jvm/java-1.8.0-openjdk-amd64/jre/lib/ext/icedtea-sound.jar!/" type="simple" />
            <root url="jar:///usr/lib/jvm/java-1.8.0-openjdk-amd64/jre/lib/ext/jaccess.jar!/" type="simple" />
            <root url="jar:///usr/lib/jvm/java-1.8.0-openjdk-amd64/jre/lib/ext/java-atk-wrapper.jar!/" type="simple" />
            <root url="jar:///usr/lib/jvm/java-1.8.0-openjdk-amd64/jre/lib/ext/localedata.jar!/" type="simple" />
            <root url="jar:///usr/lib/jvm/java-1.8.0-openjdk-amd64/jre/lib/ext/nashorn.jar!/" type="simple" />
            <root url="jar:///usr/lib/jvm/java-1.8.0-openjdk-amd64/jre/lib/ext/sunec.jar!/" type="simple" />
            <root url="jar:///usr/lib/jvm/java-1.8.0-openjdk-amd64/jre/lib/ext/sunjce_provider.jar!/" type="simple" />
            <root url="jar:///usr/lib/jvm/java-1.8.0-openjdk-amd64/jre/lib/ext/sunpkcs11.jar!/" type="simple" />
            <root url="jar:///usr/lib/jvm/java-1.8.0-openjdk-amd64/jre/lib/ext/zipfs.jar!/" type="simple" />
            <root url="jar:///usr/lib/jvm/java-1.8.0-openjdk-amd64/jre/lib/jce.jar!/" type="simple" />
            <root url="jar:///usr/lib/jvm/java-1.8.0-openjdk-amd64/jre/lib/jsse.jar!/" type="simple" />
            <root url="jar:///usr/lib/jvm/java-1.8.0-openjdk-amd64/jre/lib/management-agent.jar!/" type="simple" />
            <root url="jar:///usr/lib/jvm/java-1.8.0-openjdk-amd64/jre/lib/resources.jar!/" type="simple" />
            <root url="jar:///usr/lib/jvm/java-1.8.0-openjdk-amd64/jre/lib/rt.jar!/" type="simple" />
          </root>
        </classPath>
        <sourcePath>
          <root type="composite" />
        </sourcePath>
      </roots>
      <additional />
    </jdk>
    <jdk version="2">
      <name value="IntelliJ IDEA IU-191.7141.44" />
      <type value="IDEA JDK" />
      <version value="java version &quot;1.8.0_222&quot;" />
      <homePath value="$APPLICATION_HOME_DIR$" />
      <roots>
        <classPath>
          <root type="composite">
            <root url="jar://$APPLICATION_HOME_DIR$/lib/java-compatibility-1.0.1.jar!/" type="simple" />
            <root url="jar://$APPLICATION_HOME_DIR$/lib/org.eclipse.lsp4j-0.3.1.jar!/" type="simple" />
            <root url="jar://$APPLICATION_HOME_DIR$/lib/miglayout-swing-5.2.jar!/" type="simple" />
            <root url="jar://$APPLICATION_HOME_DIR$/lib/netty-codec-4.1.32.Final.jar!/" type="simple" />
            <root url="jar://$APPLICATION_HOME_DIR$/lib/javax.annotation-api-1.3.2.jar!/" type="simple" />
            <root url="jar://$APPLICATION_HOME_DIR$/lib/yjp-controller-api-redist.jar!/" type="simple" />
            <root url="jar://$APPLICATION_HOME_DIR$/lib/lz4-1.3.0.jar!/" type="simple" />
            <root url="jar://$APPLICATION_HOME_DIR$/lib/jsch.agentproxy.usocket-nc.jar!/" type="simple" />
            <root url="jar://$APPLICATION_HOME_DIR$/lib/rhino-1.7.10.jar!/" type="simple" />
            <root url="jar://$APPLICATION_HOME_DIR$/lib/httpcore-4.4.10.jar!/" type="simple" />
            <root url="jar://$APPLICATION_HOME_DIR$/lib/microba.jar!/" type="simple" />
            <root url="jar://$APPLICATION_HOME_DIR$/lib/aether-transport-file-1.1.0.jar!/" type="simple" />
            <root url="jar://$APPLICATION_HOME_DIR$/lib/cglib-nodep-3.2.4.jar!/" type="simple" />
            <root url="jar://$APPLICATION_HOME_DIR$/lib/jediterm-pty-2.14.jar!/" type="simple" />
            <root url="jar://$APPLICATION_HOME_DIR$/lib/platform-impl.jar!/" type="simple" />
            <root url="jar://$APPLICATION_HOME_DIR$/lib/ideax.jar!/" type="simple" />
            <root url="jar://$APPLICATION_HOME_DIR$/lib/external-system-impl.jar!/" type="simple" />
            <root url="jar://$APPLICATION_HOME_DIR$/lib/xmlbeans-2.6.0.jar!/" type="simple" />
            <root url="jar://$APPLICATION_HOME_DIR$/lib/commons-logging-1.2.jar!/" type="simple" />
            <root url="jar://$APPLICATION_HOME_DIR$/lib/bootstrap.jar!/" type="simple" />
            <root url="jar://$APPLICATION_HOME_DIR$/lib/slf4j-api-1.7.25.jar!/" type="simple" />
            <root url="jar://$APPLICATION_HOME_DIR$/lib/jdom.jar!/" type="simple" />
            <root url="jar://$APPLICATION_HOME_DIR$/lib/cloud-config-client.jar!/" type="simple" />
            <root url="jar://$APPLICATION_HOME_DIR$/lib/fluent-hc-4.5.6.jar!/" type="simple" />
            <root url="jar://$APPLICATION_HOME_DIR$/lib/intellij-coverage-agent-1.0.495.jar!/" type="simple" />
            <root url="jar://$APPLICATION_HOME_DIR$/lib/swingx-core-1.6.2-2.jar!/" type="simple" />
            <root url="jar://$APPLICATION_HOME_DIR$/lib/streamex-0.6.7.jar!/" type="simple" />
            <root url="jar://$APPLICATION_HOME_DIR$/lib/maven-aether-provider-3.3.9.jar!/" type="simple" />
            <root url="jar://$APPLICATION_HOME_DIR$/lib/maven-model-builder-3.3.9.jar!/" type="simple" />
            <root url="jar://$APPLICATION_HOME_DIR$/lib/trove4j.jar!/" type="simple" />
            <root url="jar://$APPLICATION_HOME_DIR$/lib/imgscalr-lib-4.2.jar!/" type="simple" />
            <root url="jar://$APPLICATION_HOME_DIR$/lib/xpp3_min-1.1.4c.jar!/" type="simple" />
            <root url="jar://$APPLICATION_HOME_DIR$/lib/javac2.jar!/" type="simple" />
            <root url="jar://$APPLICATION_HOME_DIR$/lib/istack-commons-runtime-3.0.7.jar!/" type="simple" />
            <root url="jar://$APPLICATION_HOME_DIR$/lib/imageio-metadata-3.4.1.jar!/" type="simple" />
            <root url="jar://$APPLICATION_HOME_DIR$/lib/nanoxml-2.2.3.jar!/" type="simple" />
            <root url="jar://$APPLICATION_HOME_DIR$/lib/xmlgraphics-commons-2.3.jar!/" type="simple" />
            <root url="jar://$APPLICATION_HOME_DIR$/lib/aether-api-1.1.0.jar!/" type="simple" />
            <root url="jar://$APPLICATION_HOME_DIR$/lib/purejavacomm-0.0.11.1.jar!/" type="simple" />
            <root url="jar://$APPLICATION_HOME_DIR$/lib/FastInfoset-1.2.15.jar!/" type="simple" />
            <root url="jar://$APPLICATION_HOME_DIR$/lib/platform-api.jar!/" type="simple" />
            <root url="jar://$APPLICATION_HOME_DIR$/lib/async-profiler-1.5-ea.jar!/" type="simple" />
            <root url="jar://$APPLICATION_HOME_DIR$/lib/txw2-2.3.1.jar!/" type="simple" />
            <root url="jar://$APPLICATION_HOME_DIR$/lib/aether-dependency-resolver.jar!/" type="simple" />
            <root url="jar://$APPLICATION_HOME_DIR$/lib/stax-ex-1.8.jar!/" type="simple" />
            <root url="jar://$APPLICATION_HOME_DIR$/lib/java-api.jar!/" type="simple" />
            <root url="jar://$APPLICATION_HOME_DIR$/lib/cli-parser-1.1.2.jar!/" type="simple" />
            <root url="jar://$APPLICATION_HOME_DIR$/lib/javahelp-2.0.02.jar!/" type="simple" />
            <root url="jar://$APPLICATION_HOME_DIR$/lib/commons-lang3-3.4.jar!/" type="simple" />
            <root url="jar://$APPLICATION_HOME_DIR$/lib/snakeyaml-1.23.jar!/" type="simple" />
            <root url="jar://$APPLICATION_HOME_DIR$/lib/ide-model-0.191.24.jar!/" type="simple" />
            <root url="jar://$APPLICATION_HOME_DIR$/lib/proxy-vole-1.0.6.jar!/" type="simple" />
            <root url="jar://$APPLICATION_HOME_DIR$/lib/netty-handler-4.1.32.Final.jar!/" type="simple" />
            <root url="jar://$APPLICATION_HOME_DIR$/lib/rngom-20051226-patched.jar!/" type="simple" />
            <root url="jar://$APPLICATION_HOME_DIR$/lib/rd-framework-0.191.46.jar!/" type="simple" />
            <root url="jar://$APPLICATION_HOME_DIR$/lib/icons.jar!/" type="simple" />
            <root url="jar://$APPLICATION_HOME_DIR$/lib/commons-io-2.6.jar!/" type="simple" />
            <root url="jar://$APPLICATION_HOME_DIR$/lib/jsch.agentproxy.jsch.jar!/" type="simple" />
            <root url="jar://$APPLICATION_HOME_DIR$/lib/plexus-utils-3.0.22.jar!/" type="simple" />
            <root url="jar://$APPLICATION_HOME_DIR$/lib/objenesis-2.6.jar!/" type="simple" />
            <root url="jar://$APPLICATION_HOME_DIR$/lib/jetCheck-0.2.1.jar!/" type="simple" />
            <root url="jar://$APPLICATION_HOME_DIR$/lib/batik-all-1.10.jar!/" type="simple" />
            <root url="jar://$APPLICATION_HOME_DIR$/lib/slf4j-log4j12-1.7.25.jar!/" type="simple" />
            <root url="jar://$APPLICATION_HOME_DIR$/lib/kotlin-stdlib-1.3.11.jar!/" type="simple" />
            <root url="jar://$APPLICATION_HOME_DIR$/lib/intellij-test-discovery-agent-1.0.495.jar!/" type="simple" />
            <root url="jar://$APPLICATION_HOME_DIR$/lib/forms_rt.jar!/" type="simple" />
            <root url="jar://$APPLICATION_HOME_DIR$/lib/error_prone_annotations-2.3.1.jar!/" type="simple" />
            <root url="jar://$APPLICATION_HOME_DIR$/lib/openapi.jar!/" type="simple" />
            <root url="jar://$APPLICATION_HOME_DIR$/lib/common-image-3.4.1.jar!/" type="simple" />
            <root url="jar://$APPLICATION_HOME_DIR$/lib/org.eclipse.lsp4j.jsonrpc-0.3.0.jar!/" type="simple" />
            <root url="jar://$APPLICATION_HOME_DIR$/lib/xz-1.8.jar!/" type="simple" />
            <root url="jar://$APPLICATION_HOME_DIR$/lib/aether-connector-basic-1.1.0.jar!/" type="simple" />
            <root url="jar://$APPLICATION_HOME_DIR$/lib/asm-all-7.0.1.jar!/" type="simple" />
            <root url="jar://$APPLICATION_HOME_DIR$/lib/jsch-0.1.55.jar!/" type="simple" />
            <root url="jar://$APPLICATION_HOME_DIR$/lib/plexus-component-annotations-1.6.jar!/" type="simple" />
            <root url="jar://$APPLICATION_HOME_DIR$/lib/imageio-tiff-3.4.1.jar!/" type="simple" />
            <root url="jar://$APPLICATION_HOME_DIR$/lib/pty4j-0.9.3.jar!/" type="simple" />
            <root url="jar://$APPLICATION_HOME_DIR$/lib/jsoup-1.11.3.jar!/" type="simple" />
            <root url="jar://$APPLICATION_HOME_DIR$/lib/jsch.agentproxy.core.jar!/" type="simple" />
            <root url="jar://$APPLICATION_HOME_DIR$/lib/serviceMessages.jar!/" type="simple" />
            <root url="jar://$APPLICATION_HOME_DIR$/lib/maven-model-3.3.9.jar!/" type="simple" />
            <root url="jar://$APPLICATION_HOME_DIR$/lib/gson-2.8.5.jar!/" type="simple" />
            <root url="jar://$APPLICATION_HOME_DIR$/lib/httpmime-4.5.6.jar!/" type="simple" />
            <root url="jar://$APPLICATION_HOME_DIR$/lib/isorelax-20030108.jar!/" type="simple" />
            <root url="jar://$APPLICATION_HOME_DIR$/lib/jackson-databind-2.9.7.jar!/" type="simple" />
            <root url="jar://$APPLICATION_HOME_DIR$/lib/debugger-memory-agent-0.0.11.jar!/" type="simple" />
            <root url="jar://$APPLICATION_HOME_DIR$/lib/commons-collections-3.2.2.jar!/" type="simple" />
            <root url="jar://$APPLICATION_HOME_DIR$/lib/kotlin-stdlib-jdk8-1.3.11.jar!/" type="simple" />
            <root url="jar://$APPLICATION_HOME_DIR$/lib/kxml2-2.3.0.jar!/" type="simple" />
            <root url="jar://$APPLICATION_HOME_DIR$/lib/jzlib-1.1.3.jar!/" type="simple" />
            <root url="jar://$APPLICATION_HOME_DIR$/lib/jna.jar!/" type="simple" />
            <root url="jar://$APPLICATION_HOME_DIR$/lib/aapt-proto-jarjar.jar!/" type="simple" />
            <root url="jar://$APPLICATION_HOME_DIR$/lib/jfr-reader-0.1.1.jar!/" type="simple" />
            <root url="jar://$APPLICATION_HOME_DIR$/lib/jcip-annotations-1.0.jar!/" type="simple" />
            <root url="jar://$APPLICATION_HOME_DIR$/lib/sa-jdwp-1.12.jar!/" type="simple" />
            <root url="jar://$APPLICATION_HOME_DIR$/lib/plexus-interpolation-1.21.jar!/" type="simple" />
            <root url="jar://$APPLICATION_HOME_DIR$/lib/jaxen-1.1.6.jar!/" type="simple" />
            <root url="jar://$APPLICATION_HOME_DIR$/lib/kotlin-stdlib-jdk7-1.3.11.jar!/" type="simple" />
            <root url="jar://$APPLICATION_HOME_DIR$/lib/jps-builders.jar!/" type="simple" />
            <root url="jar://$APPLICATION_HOME_DIR$/lib/wadl-core.jar!/" type="simple" />
            <root url="jar://$APPLICATION_HOME_DIR$/lib/trang-core.jar!/" type="simple" />
            <root url="jar://$APPLICATION_HOME_DIR$/lib/jaxb-runtime-2.3.1.jar!/" type="simple" />
            <root url="jar://$APPLICATION_HOME_DIR$/lib/xml-apis-ext-1.3.04.jar!/" type="simple" />
            <root url="jar://$APPLICATION_HOME_DIR$/lib/jsch.agentproxy.connector-factory.jar!/" type="simple" />
            <root url="jar://$APPLICATION_HOME_DIR$/lib/picocontainer-1.2.jar!/" type="simple" />
            <root url="jar://$APPLICATION_HOME_DIR$/lib/kotlin-reflect-1.3.11.jar!/" type="simple" />
            <root url="jar://$APPLICATION_HOME_DIR$/lib/annotations.jar!/" type="simple" />
            <root url="jar://$APPLICATION_HOME_DIR$/lib/common-lang-3.4.1.jar!/" type="simple" />
            <root url="jar://$APPLICATION_HOME_DIR$/lib/jing-20030619.jar!/" type="simple" />
            <root url="jar://$APPLICATION_HOME_DIR$/lib/javax.activation-1.2.0.jar!/" type="simple" />
            <root url="jar://$APPLICATION_HOME_DIR$/lib/jackson-annotations-2.9.0.jar!/" type="simple" />
            <root url="jar://$APPLICATION_HOME_DIR$/lib/stax-api-1.0.1.jar!/" type="simple" />
            <root url="jar://$APPLICATION_HOME_DIR$/lib/nekohtml-1.9.22.jar!/" type="simple" />
            <root url="jar://$APPLICATION_HOME_DIR$/lib/xml-resolver-1.2.jar!/" type="simple" />
            <root url="jar://$APPLICATION_HOME_DIR$/lib/oro-2.0.8.jar!/" type="simple" />
            <root url="jar://$APPLICATION_HOME_DIR$/lib/guava-25.1-jre.jar!/" type="simple" />
            <root url="jar://$APPLICATION_HOME_DIR$/lib/fst-2.57.jar!/" type="simple" />
            <root url="jar://$APPLICATION_HOME_DIR$/lib/markdownj-core-0.4.2-SNAPSHOT.jar!/" type="simple" />
            <root url="jar://$APPLICATION_HOME_DIR$/lib/commons-compress-1.18.jar!/" type="simple" />
            <root url="jar://$APPLICATION_HOME_DIR$/lib/trilead-ssh2-build-217-jenkins-11.jar!/" type="simple" />
            <root url="jar://$APPLICATION_HOME_DIR$/lib/jsp-api.jar!/" type="simple" />
            <root url="jar://$APPLICATION_HOME_DIR$/lib/xmlrpc-2.0.1.jar!/" type="simple" />
            <root url="jar://$APPLICATION_HOME_DIR$/lib/rd-core-0.191.46.jar!/" type="simple" />
            <root url="jar://$APPLICATION_HOME_DIR$/lib/kotlinx-coroutines-core-common-1.0.1.jar!/" type="simple" />
            <root url="jar://$APPLICATION_HOME_DIR$/lib/groovy-all-2.4.15.jar!/" type="simple" />
            <root url="jar://$APPLICATION_HOME_DIR$/lib/external-system-rt.jar!/" type="simple" />
            <root url="jar://$APPLICATION_HOME_DIR$/lib/common-io-3.4.1.jar!/" type="simple" />
            <root url="jar://$APPLICATION_HOME_DIR$/lib/netty-transport-4.1.32.Final.jar!/" type="simple" />
            <root url="jar://$APPLICATION_HOME_DIR$/lib/ecj-4.10.jar!/" type="simple" />
            <root url="jar://$APPLICATION_HOME_DIR$/lib/netty-codec-http-4.1.32.Final.jar!/" type="simple" />
            <root url="jar://$APPLICATION_HOME_DIR$/lib/java-impl.jar!/" type="simple" />
            <root url="jar://$APPLICATION_HOME_DIR$/lib/jsch.agentproxy.pageant.jar!/" type="simple" />
            <root url="jar://$APPLICATION_HOME_DIR$/lib/javassist-3.22.0-GA.jar!/" type="simple" />
            <root url="jar://$APPLICATION_HOME_DIR$/lib/util.jar!/" type="simple" />
            <root url="jar://$APPLICATION_HOME_DIR$/lib/httpclient-4.5.6.jar!/" type="simple" />
            <root url="jar://$APPLICATION_HOME_DIR$/lib/markdown4j-2.2-cj-1.1.jar!/" type="simple" />
            <root url="jar://$APPLICATION_HOME_DIR$/lib/jgoodies-common-1.4.0.jar!/" type="simple" />
            <root url="jar://$APPLICATION_HOME_DIR$/lib/forms-1.1-preview.jar!/" type="simple" />
            <root url="jar://$APPLICATION_HOME_DIR$/lib/jshell-frontend.jar!/" type="simple" />
            <root url="jar://$APPLICATION_HOME_DIR$/lib/commons-httpclient-3.1-patched.jar!/" type="simple" />
            <root url="jar://$APPLICATION_HOME_DIR$/lib/commons-codec-1.10.jar!/" type="simple" />
            <root url="jar://$APPLICATION_HOME_DIR$/lib/resources_en.jar!/" type="simple" />
            <root url="jar://$APPLICATION_HOME_DIR$/lib/kotlin-test-1.3.11.jar!/" type="simple" />
            <root url="jar://$APPLICATION_HOME_DIR$/lib/aether-transport-http-1.1.0.jar!/" type="simple" />
            <root url="jar://$APPLICATION_HOME_DIR$/lib/aether-util-1.1.0.jar!/" type="simple" />
            <root url="jar://$APPLICATION_HOME_DIR$/lib/maven-builder-support-3.3.9.jar!/" type="simple" />
            <root url="jar://$APPLICATION_HOME_DIR$/lib/ini4j-0.5.5-2.jar!/" type="simple" />
            <root url="jar://$APPLICATION_HOME_DIR$/lib/java_resources_en.jar!/" type="simple" />
            <root url="jar://$APPLICATION_HOME_DIR$/lib/velocity-1.7.jar!/" type="simple" />
            <root url="jar://$APPLICATION_HOME_DIR$/lib/kotlin-test-common-1.3.11.jar!/" type="simple" />
            <root url="jar://$APPLICATION_HOME_DIR$/lib/baksmali-2.2.1.jar!/" type="simple" />
            <root url="jar://$APPLICATION_HOME_DIR$/lib/junit-4.12.jar!/" type="simple" />
            <root url="jar://$APPLICATION_HOME_DIR$/lib/hamcrest-core-1.3.jar!/" type="simple" />
            <root url="jar://$APPLICATION_HOME_DIR$/lib/jdkAnnotations.jar!/" type="simple" />
            <root url="jar://$APPLICATION_HOME_DIR$/lib/jps-launcher.jar!/" type="simple" />
            <root url="jar://$APPLICATION_HOME_DIR$/lib/commons-imaging-1.0-RC-1.jar!/" type="simple" />
            <root url="jar://$APPLICATION_HOME_DIR$/lib/imageio-core-3.4.1.jar!/" type="simple" />
            <root url="jar://$APPLICATION_HOME_DIR$/lib/winp-1.28.jar!/" type="simple" />
            <root url="jar://$APPLICATION_HOME_DIR$/lib/jna-platform.jar!/" type="simple" />
            <root url="jar://$APPLICATION_HOME_DIR$/lib/xmlpull-1.1.3.1.jar!/" type="simple" />
            <root url="jar://$APPLICATION_HOME_DIR$/lib/eddsa-0.2.0.jar!/" type="simple" />
            <root url="jar://$APPLICATION_HOME_DIR$/lib/miglayout-core-5.2.jar!/" type="simple" />
            <root url="jar://$APPLICATION_HOME_DIR$/lib/idea.jar!/" type="simple" />
            <root url="jar://$APPLICATION_HOME_DIR$/lib/delight-rhino-sandbox-0.0.9.jar!/" type="simple" />
            <root url="jar://$APPLICATION_HOME_DIR$/lib/netty-common-4.1.32.Final.jar!/" type="simple" />
            <root url="jar://$APPLICATION_HOME_DIR$/lib/asm-5.0.3.jar!/" type="simple" />
            <root url="jar://$APPLICATION_HOME_DIR$/lib/aether-spi-1.1.0.jar!/" type="simple" />
            <root url="jar://$APPLICATION_HOME_DIR$/lib/idea_rt.jar!/" type="simple" />
            <root url="jar://$APPLICATION_HOME_DIR$/lib/automaton-1.12-1.jar!/" type="simple" />
            <root url="jar://$APPLICATION_HOME_DIR$/lib/asm-analysis-5.0.3.jar!/" type="simple" />
            <root url="jar://$APPLICATION_HOME_DIR$/lib/jps-model.jar!/" type="simple" />
            <root url="jar://$APPLICATION_HOME_DIR$/lib/aether-impl-1.1.0.jar!/" type="simple" />
            <root url="jar://$APPLICATION_HOME_DIR$/lib/jsch.agentproxy.usocket-jna.jar!/" type="simple" />
            <root url="jar://$APPLICATION_HOME_DIR$/lib/maven-repository-metadata-3.3.9.jar!/" type="simple" />
            <root url="jar://$APPLICATION_HOME_DIR$/lib/sqlite-jdbc-3.21.0.1.jar!/" type="simple" />
            <root url="jar://$APPLICATION_HOME_DIR$/lib/kotlin-stdlib-common-1.3.11.jar!/" type="simple" />
            <root url="jar://$APPLICATION_HOME_DIR$/lib/jsch.agentproxy.sshagent.jar!/" type="simple" />
            <root url="jar://$APPLICATION_HOME_DIR$/lib/commons-lang-2.4.jar!/" type="simple" />
            <root url="jar://$APPLICATION_HOME_DIR$/lib/bcprov-jdk15on-1.60.jar!/" type="simple" />
            <root url="jar://$APPLICATION_HOME_DIR$/lib/netty-resolver-4.1.32.Final.jar!/" type="simple" />
            <root url="jar://$APPLICATION_HOME_DIR$/lib/jbcrypt-1.0.0.jar!/" type="simple" />
            <root url="jar://$APPLICATION_HOME_DIR$/lib/xercesImpl-2.12.0.jar!/" type="simple" />
            <root url="jar://$APPLICATION_HOME_DIR$/lib/netty-buffer-4.1.32.Final.jar!/" type="simple" />
            <root url="jar://$APPLICATION_HOME_DIR$/lib/commons-net-3.6.jar!/" type="simple" />
            <root url="jar://$APPLICATION_HOME_DIR$/lib/servlet-api.jar!/" type="simple" />
            <root url="jar://$APPLICATION_HOME_DIR$/lib/jps-builders-6.jar!/" type="simple" />
            <root url="jar://$APPLICATION_HOME_DIR$/lib/resources.jar!/" type="simple" />
            <root url="jar://$APPLICATION_HOME_DIR$/lib/jackson-core-2.9.7.jar!/" type="simple" />
            <root url="jar://$APPLICATION_HOME_DIR$/lib/cucumber-java-1.2.5.jar!/" type="simple" />
            <root url="jar://$APPLICATION_HOME_DIR$/lib/kotlinx-coroutines-jdk8-1.0.1.jar!/" type="simple" />
            <root url="jar://$APPLICATION_HOME_DIR$/lib/jettison-1.4.0.jar!/" type="simple" />
            <root url="jar://$APPLICATION_HOME_DIR$/lib/util-2.2.1.jar!/" type="simple" />
            <root url="jar://$APPLICATION_HOME_DIR$/lib/idea-jsp-openapi.jar!/" type="simple" />
            <root url="jar://$APPLICATION_HOME_DIR$/lib/extensions.jar!/" type="simple" />
            <root url="jar://$APPLICATION_HOME_DIR$/lib/jshell-protocol.jar!/" type="simple" />
            <root url="jar://$APPLICATION_HOME_DIR$/lib/protobuf-java-3.5.1.jar!/" type="simple" />
            <root url="jar://$APPLICATION_HOME_DIR$/lib/jaxb-api-2.3.1.jar!/" type="simple" />
            <root url="jar://$APPLICATION_HOME_DIR$/lib/maven-artifact-3.3.9.jar!/" type="simple" />
            <root url="jar://$APPLICATION_HOME_DIR$/lib/kotlinx-coroutines-core-1.0.1.jar!/" type="simple" />
            <root url="jar://$APPLICATION_HOME_DIR$/lib/xstream-1.4.10.jar!/" type="simple" />
            <root url="jar://$APPLICATION_HOME_DIR$/lib/dexlib2-2.2.1.jar!/" type="simple" />
            <root url="jar://$APPLICATION_HOME_DIR$/lib/log4j.jar!/" type="simple" />
            <root url="jar://$APPLICATION_HOME_DIR$/lib/asm-tree-5.0.3.jar!/" type="simple" />
            <root url="jar://$APPLICATION_HOME_DIR$/plugins/JavaEE/lib/webDeployment-transport.jar!/" type="simple" />
            <root url="jar://$APPLICATION_HOME_DIR$/plugins/JavaEE/lib/jasper-v2-rt.jar!/" type="simple" />
            <root url="jar://$APPLICATION_HOME_DIR$/plugins/JavaEE/lib/IntelliLang-javaee.jar!/" type="simple" />
            <root url="jar://$APPLICATION_HOME_DIR$/plugins/JavaEE/lib/javaee-jps-plugin.jar!/" type="simple" />
            <root url="jar://$APPLICATION_HOME_DIR$/plugins/JavaEE/lib/resources_en.jar!/" type="simple" />
            <root url="jar://$APPLICATION_HOME_DIR$/plugins/JavaEE/lib/javaee-openapi.jar!/" type="simple" />
            <root url="jar://$APPLICATION_HOME_DIR$/plugins/JavaEE/lib/gradle-javaee.jar!/" type="simple" />
            <root url="jar://$APPLICATION_HOME_DIR$/plugins/PersistenceSupport/lib/persistence-openapi.jar!/" type="simple" />
            <root url="jar://$APPLICATION_HOME_DIR$/plugins/DatabaseTools/lib/unidecode-0.0.7.jar!/" type="simple" />
            <root url="jar://$APPLICATION_HOME_DIR$/plugins/DatabaseTools/lib/dekaf-single-2.0.0.390.jar!/" type="simple" />
            <root url="jar://$APPLICATION_HOME_DIR$/plugins/DatabaseTools/lib/resources_en.jar!/" type="simple" />
            <root url="jar://$APPLICATION_HOME_DIR$/plugins/DatabaseTools/lib/database-openapi.jar!/" type="simple" />
            <root url="jar://$APPLICATION_HOME_DIR$/plugins/uml/lib/diagram-api.jar!/" type="simple" />
            <root url="jar://$APPLICATION_HOME_DIR$/plugins/Spring/lib/spring-web.jar!/" type="simple" />
            <root url="jar://$APPLICATION_HOME_DIR$/plugins/Spring/lib/spring-graph.jar!/" type="simple" />
            <root url="jar://$APPLICATION_HOME_DIR$/plugins/Spring/lib/spring-eclipse.jar!/" type="simple" />
            <root url="jar://$APPLICATION_HOME_DIR$/plugins/Spring/lib/spring-aop.jar!/" type="simple" />
            <root url="jar:///usr/lib/jvm/java-1.8.0-openjdk-amd64/jre/lib/charsets.jar!/" type="simple" />
            <root url="jar:///usr/lib/jvm/java-1.8.0-openjdk-amd64/jre/lib/ext/cldrdata.jar!/" type="simple" />
            <root url="jar:///usr/lib/jvm/java-1.8.0-openjdk-amd64/jre/lib/ext/dnsns.jar!/" type="simple" />
            <root url="jar:///usr/lib/jvm/java-1.8.0-openjdk-amd64/jre/lib/ext/icedtea-sound.jar!/" type="simple" />
            <root url="jar:///usr/lib/jvm/java-1.8.0-openjdk-amd64/jre/lib/ext/jaccess.jar!/" type="simple" />
            <root url="jar:///usr/lib/jvm/java-1.8.0-openjdk-amd64/jre/lib/ext/java-atk-wrapper.jar!/" type="simple" />
            <root url="jar:///usr/lib/jvm/java-1.8.0-openjdk-amd64/jre/lib/ext/localedata.jar!/" type="simple" />
            <root url="jar:///usr/lib/jvm/java-1.8.0-openjdk-amd64/jre/lib/ext/nashorn.jar!/" type="simple" />
            <root url="jar:///usr/lib/jvm/java-1.8.0-openjdk-amd64/jre/lib/ext/sunec.jar!/" type="simple" />
            <root url="jar:///usr/lib/jvm/java-1.8.0-openjdk-amd64/jre/lib/ext/sunjce_provider.jar!/" type="simple" />
            <root url="jar:///usr/lib/jvm/java-1.8.0-openjdk-amd64/jre/lib/ext/sunpkcs11.jar!/" type="simple" />
            <root url="jar:///usr/lib/jvm/java-1.8.0-openjdk-amd64/jre/lib/ext/zipfs.jar!/" type="simple" />
            <root url="jar:///usr/lib/jvm/java-1.8.0-openjdk-amd64/jre/lib/jce.jar!/" type="simple" />
            <root url="jar:///usr/lib/jvm/java-1.8.0-openjdk-amd64/jre/lib/jsse.jar!/" type="simple" />
            <root url="jar:///usr/lib/jvm/java-1.8.0-openjdk-amd64/jre/lib/management-agent.jar!/" type="simple" />
            <root url="jar:///usr/lib/jvm/java-1.8.0-openjdk-amd64/jre/lib/resources.jar!/" type="simple" />
            <root url="jar:///usr/lib/jvm/java-1.8.0-openjdk-amd64/jre/lib/rt.jar!/" type="simple" />
          </root>
        </classPath>
        <sourcePath>
          <root type="composite">
            <root url="jar://$APPLICATION_HOME_DIR$/lib/src/src_tomcat.zip!/" type="simple" />
            <root url="jar://$APPLICATION_HOME_DIR$/lib/src/src_persistence-openapi.zip!/" type="simple" />
            <root url="jar://$APPLICATION_HOME_DIR$/lib/src/src_javaee-openapi.zip!/" type="simple" />
            <root url="jar://$APPLICATION_HOME_DIR$/lib/src/src_jam-openapi.zip!/" type="simple" />
            <root url="jar://$APPLICATION_HOME_DIR$/lib/src/src_css-api.zip!/" type="simple" />
            <root url="jar://$APPLICATION_HOME_DIR$/lib/src/src_database-openapi.zip!/" type="simple" />
            <root url="jar://$APPLICATION_HOME_DIR$/lib/src/src_spring-openapi.zip!/" type="simple" />
            <root url="jar://$APPLICATION_HOME_DIR$/lib/src/src_spring-boot-openapi.zip!/" type="simple" />
          </root>
        </sourcePath>
      </roots>
      <additional sdk="1.8.0_222 (2)">
        <option name="mySandboxHome" value="$USER_HOME$/.IntelliJIdea2019.1/system/plugins-sandbox" />
      </additional>
    </jdk>
    <jdk version="2">
      <name value="Python 3.7" />
      <type value="Python SDK" />
      <version value="Python 3.7.3" />
      <homePath value="/usr/bin/python3.7" />
      <roots>
        <classPath>
          <root type="composite">
            <root url="file:///opt/intellij-ue-2019.2/plugins/python/helpers" type="simple" />
            <root url="file:///usr/local/buildtools/current/sitecustomize" type="simple" />
            <root url="file:///usr/lib/python3.7" type="simple" />
            <root url="file:///usr/lib/python3.7/lib-dynload" type="simple" />
            <root url="file:///usr/local/lib/python3.7/dist-packages" type="simple" />
            <root url="file:///usr/lib/python3/dist-packages" type="simple" />
            <root url="file://$USER_HOME$/.IntelliJIdea2019.2/system/python_stubs/-1247971762" type="simple" />
            <root url="file://$APPLICATION_HOME_DIR$/plugins/python/helpers/python-skeletons" type="simple" />
            <root url="file://$APPLICATION_HOME_DIR$/plugins/python/helpers/typeshed/stdlib/3" type="simple" />
            <root url="file://$APPLICATION_HOME_DIR$/plugins/python/helpers/typeshed/stdlib/2and3" type="simple" />
            <root url="file://$APPLICATION_HOME_DIR$/plugins/python/helpers/typeshed/third_party/3" type="simple" />
            <root url="file://$APPLICATION_HOME_DIR$/plugins/python/helpers/typeshed/third_party/2and3" type="simple" />
          </root>
        </classPath>
        <sourcePath>
          <root type="composite" />
        </sourcePath>
      </roots>
      <additional />
    </jdk>
    <jdk version="2">
      <name value="Python 3.8" />
      <type value="Python SDK" />
      <version value="Python 3.8.3rc1" />
      <homePath value="/usr/bin/python3.8" />
      <roots>
        <classPath>
          <root type="composite">
            <root url="file:///usr/local/buildtools/current/sitecustomize" type="simple" />
            <root url="file:///usr/lib/python3.8" type="simple" />
            <root url="file:///usr/lib/python3.8/lib-dynload" type="simple" />
            <root url="file:///usr/local/lib/python3.8/dist-packages" type="simple" />
            <root url="file:///usr/lib/python3/dist-packages" type="simple" />
            <root url="file:///usr/lib/python3.8/dist-packages" type="simple" />
            <root url="file://$USER_HOME$/.IntelliJIdea2019.3/system/python_stubs/-1247971761" type="simple" />
            <root url="file://$APPLICATION_HOME_DIR$/plugins/python/helpers/python-skeletons" type="simple" />
            <root url="file://$APPLICATION_HOME_DIR$/plugins/python/helpers/typeshed/stdlib/3" type="simple" />
            <root url="file://$APPLICATION_HOME_DIR$/plugins/python/helpers/typeshed/stdlib/2and3" type="simple" />
            <root url="file://$APPLICATION_HOME_DIR$/plugins/python/helpers/typeshed/third_party/3" type="simple" />
            <root url="file://$APPLICATION_HOME_DIR$/plugins/python/helpers/typeshed/third_party/2and3" type="simple" />
          </root>
        </classPath>
        <sourcePath>
          <root type="composite" />
        </sourcePath>
      </roots>
      <additional />
    </jdk>
    <jdk version="2">
      <name value="GRTE-Python 3.8" />
      <type value="Python SDK" />
      <version value="Python 2.7.6" />
      <homePath value="$APPLICATION_HOME_DIR$/plugins/g3plugins/python/grte-python" />
      <roots>
        <classPath>
          <root type="composite">
            <root url="file:///usr/local/buildtools/current/sitecustomize" type="simple" />
            <root url="file:///usr/grte/v4/k8-linux/lib/python2.7" type="simple" />
            <root url="file:///usr/grte/v4/k8-linux/lib/python2.7/plat-linux2" type="simple" />
            <root url="file:///usr/grte/v4/k8-linux/lib/python2.7/lib-dynload" type="simple" />
            <root url="file:///usr/grte/v4/k8-linux/lib/python2.7/site-packages" type="simple" />
            <root url="file://$USER_HOME$/.IntelliJIdea2019.3/system/python_stubs/1842626390" type="simple" />
            <root url="file://$APPLICATION_HOME_DIR$/plugins/python/helpers/python-skeletons" type="simple" />
            <root url="file://$APPLICATION_HOME_DIR$/plugins/python/helpers/typeshed/stdlib/3" type="simple" />
            <root url="file://$APPLICATION_HOME_DIR$/plugins/python/helpers/typeshed/stdlib/2and3" type="simple" />
            <root url="file://$APPLICATION_HOME_DIR$/plugins/python/helpers/typeshed/third_party/3" type="simple" />
            <root url="file://$APPLICATION_HOME_DIR$/plugins/python/helpers/typeshed/third_party/2and3" type="simple" />
          </root>
        </classPath>
        <sourcePath>
          <root type="composite" />
        </sourcePath>
      </roots>
      <additional />
    </jdk>
    <jdk version="2">
      <name value="11" />
      <type value="JavaSDK" />
      <version value="java version &quot;11.0.8&quot;" />
      <homePath value="/usr/local/buildtools/java/jdk" />
      <roots>
        <classPath>
          <root type="composite">
            <root url="jrt:///usr/local/buildtools/java/jdk!/java.base" type="simple" />
            <root url="jrt:///usr/local/buildtools/java/jdk!/java.compiler" type="simple" />
            <root url="jrt:///usr/local/buildtools/java/jdk!/java.datatransfer" type="simple" />
            <root url="jrt:///usr/local/buildtools/java/jdk!/java.desktop" type="simple" />
            <root url="jrt:///usr/local/buildtools/java/jdk!/java.instrument" type="simple" />
            <root url="jrt:///usr/local/buildtools/java/jdk!/java.logging" type="simple" />
            <root url="jrt:///usr/local/buildtools/java/jdk!/java.management" type="simple" />
            <root url="jrt:///usr/local/buildtools/java/jdk!/java.management.rmi" type="simple" />
            <root url="jrt:///usr/local/buildtools/java/jdk!/java.naming" type="simple" />
            <root url="jrt:///usr/local/buildtools/java/jdk!/java.net.http" type="simple" />
            <root url="jrt:///usr/local/buildtools/java/jdk!/java.prefs" type="simple" />
            <root url="jrt:///usr/local/buildtools/java/jdk!/java.rmi" type="simple" />
            <root url="jrt:///usr/local/buildtools/java/jdk!/java.scripting" type="simple" />
            <root url="jrt:///usr/local/buildtools/java/jdk!/java.se" type="simple" />
            <root url="jrt:///usr/local/buildtools/java/jdk!/java.security.jgss" type="simple" />
            <root url="jrt:///usr/local/buildtools/java/jdk!/java.security.sasl" type="simple" />
            <root url="jrt:///usr/local/buildtools/java/jdk!/java.smartcardio" type="simple" />
            <root url="jrt:///usr/local/buildtools/java/jdk!/java.sql" type="simple" />
            <root url="jrt:///usr/local/buildtools/java/jdk!/java.sql.rowset" type="simple" />
            <root url="jrt:///usr/local/buildtools/java/jdk!/java.transaction.xa" type="simple" />
            <root url="jrt:///usr/local/buildtools/java/jdk!/java.xml" type="simple" />
            <root url="jrt:///usr/local/buildtools/java/jdk!/java.xml.crypto" type="simple" />
            <root url="jrt:///usr/local/buildtools/java/jdk!/jdk.accessibility" type="simple" />
            <root url="jrt:///usr/local/buildtools/java/jdk!/jdk.aot" type="simple" />
            <root url="jrt:///usr/local/buildtools/java/jdk!/jdk.attach" type="simple" />
            <root url="jrt:///usr/local/buildtools/java/jdk!/jdk.charsets" type="simple" />
            <root url="jrt:///usr/local/buildtools/java/jdk!/jdk.compiler" type="simple" />
            <root url="jrt:///usr/local/buildtools/java/jdk!/jdk.crypto.cryptoki" type="simple" />
            <root url="jrt:///usr/local/buildtools/java/jdk!/jdk.crypto.ec" type="simple" />
            <root url="jrt:///usr/local/buildtools/java/jdk!/jdk.dynalink" type="simple" />
            <root url="jrt:///usr/local/buildtools/java/jdk!/jdk.editpad" type="simple" />
            <root url="jrt:///usr/local/buildtools/java/jdk!/jdk.hotspot.agent" type="simple" />
            <root url="jrt:///usr/local/buildtools/java/jdk!/jdk.httpserver" type="simple" />
            <root url="jrt:///usr/local/buildtools/java/jdk!/jdk.internal.ed" type="simple" />
            <root url="jrt:///usr/local/buildtools/java/jdk!/jdk.internal.jvmstat" type="simple" />
            <root url="jrt:///usr/local/buildtools/java/jdk!/jdk.internal.le" type="simple" />
            <root url="jrt:///usr/local/buildtools/java/jdk!/jdk.internal.opt" type="simple" />
            <root url="jrt:///usr/local/buildtools/java/jdk!/jdk.internal.vm.ci" type="simple" />
            <root url="jrt:///usr/local/buildtools/java/jdk!/jdk.internal.vm.compiler" type="simple" />
            <root url="jrt:///usr/local/buildtools/java/jdk!/jdk.internal.vm.compiler.management" type="simple" />
            <root url="jrt:///usr/local/buildtools/java/jdk!/jdk.jartool" type="simple" />
            <root url="jrt:///usr/local/buildtools/java/jdk!/jdk.javadoc" type="simple" />
            <root url="jrt:///usr/local/buildtools/java/jdk!/jdk.jcmd" type="simple" />
            <root url="jrt:///usr/local/buildtools/java/jdk!/jdk.jconsole" type="simple" />
            <root url="jrt:///usr/local/buildtools/java/jdk!/jdk.jdeps" type="simple" />
            <root url="jrt:///usr/local/buildtools/java/jdk!/jdk.jdi" type="simple" />
            <root url="jrt:///usr/local/buildtools/java/jdk!/jdk.jdwp.agent" type="simple" />
            <root url="jrt:///usr/local/buildtools/java/jdk!/jdk.jfr" type="simple" />
            <root url="jrt:///usr/local/buildtools/java/jdk!/jdk.jlink" type="simple" />
            <root url="jrt:///usr/local/buildtools/java/jdk!/jdk.jshell" type="simple" />
            <root url="jrt:///usr/local/buildtools/java/jdk!/jdk.jsobject" type="simple" />
            <root url="jrt:///usr/local/buildtools/java/jdk!/jdk.jstatd" type="simple" />
            <root url="jrt:///usr/local/buildtools/java/jdk!/jdk.localedata" type="simple" />
            <root url="jrt:///usr/local/buildtools/java/jdk!/jdk.management" type="simple" />
            <root url="jrt:///usr/local/buildtools/java/jdk!/jdk.management.agent" type="simple" />
            <root url="jrt:///usr/local/buildtools/java/jdk!/jdk.management.jfr" type="simple" />
            <root url="jrt:///usr/local/buildtools/java/jdk!/jdk.naming.dns" type="simple" />
            <root url="jrt:///usr/local/buildtools/java/jdk!/jdk.naming.ldap" type="simple" />
            <root url="jrt:///usr/local/buildtools/java/jdk!/jdk.naming.rmi" type="simple" />
            <root url="jrt:///usr/local/buildtools/java/jdk!/jdk.net" type="simple" />
            <root url="jrt:///usr/local/buildtools/java/jdk!/jdk.pack" type="simple" />
            <root url="jrt:///usr/local/buildtools/java/jdk!/jdk.rmic" type="simple" />
            <root url="jrt:///usr/local/buildtools/java/jdk!/jdk.scripting.nashorn" type="simple" />
            <root url="jrt:///usr/local/buildtools/java/jdk!/jdk.scripting.nashorn.shell" type="simple" />
            <root url="jrt:///usr/local/buildtools/java/jdk!/jdk.sctp" type="simple" />
            <root url="jrt:///usr/local/buildtools/java/jdk!/jdk.security.auth" type="simple" />
            <root url="jrt:///usr/local/buildtools/java/jdk!/jdk.security.jgss" type="simple" />
            <root url="jrt:///usr/local/buildtools/java/jdk!/jdk.unsupported" type="simple" />
            <root url="jrt:///usr/local/buildtools/java/jdk!/jdk.unsupported.desktop" type="simple" />
            <root url="jrt:///usr/local/buildtools/java/jdk!/jdk.xml.dom" type="simple" />
            <root url="jrt:///usr/local/buildtools/java/jdk!/jdk.zipfs" type="simple" />
          </root>
        </classPath>
        <sourcePath>
          <root type="composite">
            <root url="jar:///usr/local/buildtools/java/jdk/lib/src.zip!/java.se" type="simple" />
            <root url="jar:///usr/local/buildtools/java/jdk/lib/src.zip!/jdk.aot" type="simple" />
            <root url="jar:///usr/local/buildtools/java/jdk/lib/src.zip!/jdk.jdi" type="simple" />
            <root url="jar:///usr/local/buildtools/java/jdk/lib/src.zip!/jdk.jfr" type="simple" />
            <root url="jar:///usr/local/buildtools/java/jdk/lib/src.zip!/jdk.net" type="simple" />
            <root url="jar:///usr/local/buildtools/java/jdk/lib/src.zip!/java.rmi" type="simple" />
            <root url="jar:///usr/local/buildtools/java/jdk/lib/src.zip!/java.sql" type="simple" />
            <root url="jar:///usr/local/buildtools/java/jdk/lib/src.zip!/java.xml" type="simple" />
            <root url="jar:///usr/local/buildtools/java/jdk/lib/src.zip!/jdk.jcmd" type="simple" />
            <root url="jar:///usr/local/buildtools/java/jdk/lib/src.zip!/jdk.pack" type="simple" />
            <root url="jar:///usr/local/buildtools/java/jdk/lib/src.zip!/jdk.rmic" type="simple" />
            <root url="jar:///usr/local/buildtools/java/jdk/lib/src.zip!/jdk.sctp" type="simple" />
            <root url="jar:///usr/local/buildtools/java/jdk/lib/src.zip!/java.base" type="simple" />
            <root url="jar:///usr/local/buildtools/java/jdk/lib/src.zip!/jdk.jdeps" type="simple" />
            <root url="jar:///usr/local/buildtools/java/jdk/lib/src.zip!/jdk.jlink" type="simple" />
            <root url="jar:///usr/local/buildtools/java/jdk/lib/src.zip!/jdk.zipfs" type="simple" />
            <root url="jar:///usr/local/buildtools/java/jdk/lib/src.zip!/java.prefs" type="simple" />
            <root url="jar:///usr/local/buildtools/java/jdk/lib/src.zip!/jdk.attach" type="simple" />
            <root url="jar:///usr/local/buildtools/java/jdk/lib/src.zip!/jdk.jshell" type="simple" />
            <root url="jar:///usr/local/buildtools/java/jdk/lib/src.zip!/jdk.jstatd" type="simple" />
            <root url="jar:///usr/local/buildtools/java/jdk/lib/src.zip!/java.naming" type="simple" />
            <root url="jar:///usr/local/buildtools/java/jdk/lib/src.zip!/jdk.editpad" type="simple" />
            <root url="jar:///usr/local/buildtools/java/jdk/lib/src.zip!/jdk.jartool" type="simple" />
            <root url="jar:///usr/local/buildtools/java/jdk/lib/src.zip!/jdk.javadoc" type="simple" />
            <root url="jar:///usr/local/buildtools/java/jdk/lib/src.zip!/jdk.xml.dom" type="simple" />
            <root url="jar:///usr/local/buildtools/java/jdk/lib/src.zip!/java.desktop" type="simple" />
            <root url="jar:///usr/local/buildtools/java/jdk/lib/src.zip!/java.logging" type="simple" />
            <root url="jar:///usr/local/buildtools/java/jdk/lib/src.zip!/jdk.charsets" type="simple" />
            <root url="jar:///usr/local/buildtools/java/jdk/lib/src.zip!/jdk.compiler" type="simple" />
            <root url="jar:///usr/local/buildtools/java/jdk/lib/src.zip!/jdk.dynalink" type="simple" />
            <root url="jar:///usr/local/buildtools/java/jdk/lib/src.zip!/jdk.jconsole" type="simple" />
            <root url="jar:///usr/local/buildtools/java/jdk/lib/src.zip!/jdk.jsobject" type="simple" />
            <root url="jar:///usr/local/buildtools/java/jdk/lib/src.zip!/java.compiler" type="simple" />
            <root url="jar:///usr/local/buildtools/java/jdk/lib/src.zip!/java.net.http" type="simple" />
            <root url="jar:///usr/local/buildtools/java/jdk/lib/src.zip!/jdk.crypto.ec" type="simple" />
            <root url="jar:///usr/local/buildtools/java/jdk/lib/src.zip!/java.scripting" type="simple" />
            <root url="jar:///usr/local/buildtools/java/jdk/lib/src.zip!/jdk.httpserver" type="simple" />
            <root url="jar:///usr/local/buildtools/java/jdk/lib/src.zip!/jdk.jdwp.agent" type="simple" />
            <root url="jar:///usr/local/buildtools/java/jdk/lib/src.zip!/jdk.localedata" type="simple" />
            <root url="jar:///usr/local/buildtools/java/jdk/lib/src.zip!/jdk.management" type="simple" />
            <root url="jar:///usr/local/buildtools/java/jdk/lib/src.zip!/jdk.naming.dns" type="simple" />
            <root url="jar:///usr/local/buildtools/java/jdk/lib/src.zip!/jdk.naming.rmi" type="simple" />
            <root url="jar:///usr/local/buildtools/java/jdk/lib/src.zip!/java.instrument" type="simple" />
            <root url="jar:///usr/local/buildtools/java/jdk/lib/src.zip!/java.management" type="simple" />
            <root url="jar:///usr/local/buildtools/java/jdk/lib/src.zip!/java.sql.rowset" type="simple" />
            <root url="jar:///usr/local/buildtools/java/jdk/lib/src.zip!/java.xml.crypto" type="simple" />
            <root url="jar:///usr/local/buildtools/java/jdk/lib/src.zip!/jdk.internal.ed" type="simple" />
            <root url="jar:///usr/local/buildtools/java/jdk/lib/src.zip!/jdk.internal.le" type="simple" />
            <root url="jar:///usr/local/buildtools/java/jdk/lib/src.zip!/jdk.unsupported" type="simple" />
            <root url="jar:///usr/local/buildtools/java/jdk/lib/src.zip!/java.smartcardio" type="simple" />
            <root url="jar:///usr/local/buildtools/java/jdk/lib/src.zip!/jdk.internal.opt" type="simple" />
            <root url="jar:///usr/local/buildtools/java/jdk/lib/src.zip!/java.datatransfer" type="simple" />
            <root url="jar:///usr/local/buildtools/java/jdk/lib/src.zip!/jdk.accessibility" type="simple" />
            <root url="jar:///usr/local/buildtools/java/jdk/lib/src.zip!/jdk.hotspot.agent" type="simple" />
            <root url="jar:///usr/local/buildtools/java/jdk/lib/src.zip!/jdk.security.auth" type="simple" />
            <root url="jar:///usr/local/buildtools/java/jdk/lib/src.zip!/jdk.security.jgss" type="simple" />
            <root url="jar:///usr/local/buildtools/java/jdk/lib/src.zip!/java.security.jgss" type="simple" />
            <root url="jar:///usr/local/buildtools/java/jdk/lib/src.zip!/java.security.sasl" type="simple" />
            <root url="jar:///usr/local/buildtools/java/jdk/lib/src.zip!/jdk.internal.vm.ci" type="simple" />
            <root url="jar:///usr/local/buildtools/java/jdk/lib/src.zip!/jdk.management.jfr" type="simple" />
            <root url="jar:///usr/local/buildtools/java/jdk/lib/src.zip!/java.management.rmi" type="simple" />
            <root url="jar:///usr/local/buildtools/java/jdk/lib/src.zip!/java.transaction.xa" type="simple" />
            <root url="jar:///usr/local/buildtools/java/jdk/lib/src.zip!/jdk.crypto.cryptoki" type="simple" />
            <root url="jar:///usr/local/buildtools/java/jdk/lib/src.zip!/jdk.internal.jvmstat" type="simple" />
            <root url="jar:///usr/local/buildtools/java/jdk/lib/src.zip!/jdk.management.agent" type="simple" />
            <root url="jar:///usr/local/buildtools/java/jdk/lib/src.zip!/jdk.scripting.nashorn" type="simple" />
            <root url="jar:///usr/local/buildtools/java/jdk/lib/src.zip!/jdk.unsupported.desktop" type="simple" />
            <root url="jar:///usr/local/buildtools/java/jdk/lib/src.zip!/jdk.internal.vm.compiler" type="simple" />
            <root url="jar:///usr/local/buildtools/java/jdk/lib/src.zip!/jdk.scripting.nashorn.shell" type="simple" />
            <root url="jar:///usr/local/buildtools/java/jdk/lib/src.zip!/jdk.internal.vm.compiler.management" type="simple" />
            <root url="jar:///usr/local/buildtools/java/jdk/lib/src.zip!/jdk.naming.ldap" type="simple" />
          </root>
        </sourcePath>
      </roots>
      <additional />
    </jdk>
    <jdk version="2">
      <name value="Python 3.9" />
      <type value="Python SDK" />
      <version value="Python 3.9.2" />
      <homePath value="/usr/bin/python3.9" />
      <roots>
        <classPath>
          <root type="composite">
            <root url="file:///usr/local/buildtools/current/sitecustomize" type="simple" />
            <root url="file:///usr/lib/python3.9" type="simple" />
            <root url="file:///usr/lib/python3.9/lib-dynload" type="simple" />
            <root url="file:///usr/local/lib/python3.9/dist-packages" type="simple" />
            <root url="file:///usr/lib/python3/dist-packages" type="simple" />
            <root url="file:///usr/lib/python3.9/dist-packages" type="simple" />
            <root url="file://$USER_HOME$/.cache/JetBrains/IntelliJIdea2020.2/python_stubs/-1247971760" type="simple" />
            <root url="file://$APPLICATION_HOME_DIR$/plugins/python/helpers/python-skeletons" type="simple" />
            <root url="file://$APPLICATION_HOME_DIR$/plugins/python/helpers/typeshed/stdlib/3.7" type="simple" />
            <root url="file://$APPLICATION_HOME_DIR$/plugins/python/helpers/typeshed/stdlib/3" type="simple" />
            <root url="file://$APPLICATION_HOME_DIR$/plugins/python/helpers/typeshed/stdlib/2and3" type="simple" />
            <root url="file://$APPLICATION_HOME_DIR$/plugins/python/helpers/typeshed/third_party/3" type="simple" />
            <root url="file://$APPLICATION_HOME_DIR$/plugins/python/helpers/typeshed/third_party/2and3" type="simple" />
          </root>
        </classPath>
        <sourcePath>
          <root type="composite" />
        </sourcePath>
      </roots>
      <additional />
    </jdk>
  </component>
</application>